<?xml version="1.0" encoding="UTF-8"?>
<!DOCTYPE QtCreatorCodeStyle>
<!-- Written by QtCreator 3.0.1, 2014-02-14T09:50:24. -->
<qtcreator>
 <data>
  <variable>CodeStyleData</variable>
  <valuemap type="QVariantMap">
   <value type="bool" key="AlignAssignments">false</value>
   <value type="bool" key="AutoSpacesForTabs">false</value>
   <value type="bool" key="BindStarToIdentifier">true</value>
   <value type="bool" key="BindStarToLeftSpecifier">false</value>
   <value type="bool" key="BindStarToRightSpecifier">false</value>
   <value type="bool" key="BindStarToTypeName">false</value>
   <value type="bool" key="ExtraPaddingForConditionsIfConfusingAlign">true</value>
   <value type="bool" key="IndentAccessSpecifiers">false</value>
   <value type="bool" key="IndentBlockBody">true</value>
   <value type="bool" key="IndentBlockBraces">false</value>
   <value type="bool" key="IndentBlocksRelativeToSwitchLabels">false</value>
   <value type="bool" key="IndentClassBraces">false</value>
   <value type="bool" key="IndentControlFlowRelativeToSwitchLabels">true</value>
   <value type="bool" key="IndentDeclarationsRelativeToAccessSpecifiers">true</value>
   <value type="bool" key="IndentEnumBraces">false</value>
   <value type="bool" key="IndentFunctionBody">true</value>
   <value type="bool" key="IndentFunctionBraces">false</value>
   <value type="bool" key="IndentNamespaceBody">false</value>
   <value type="bool" key="IndentNamespaceBraces">false</value>
   <value type="int" key="IndentSize">4</value>
   <value type="bool" key="IndentStatementsRelativeToSwitchLabels">true</value>
   <value type="bool" key="IndentSwitchLabels">false</value>
   <value type="int" key="PaddingMode">2</value>
   <value type="bool" key="SpacesForTabs">false</value>
   <value type="int" key="TabSize">4</value>
  </valuemap>
 </data>
 <data>
  <variable>DisplayName</variable>
  <value type="QString">Synergy</value>
 </data>
</qtcreator>
<?xml version="1.0" encoding="UTF-8"?>
<!DOCTYPE QtCreatorCodeStyle>
<!-- Written by QtCreator 3.0.1, 2014-02-14T09:50:24. -->
<qtcreator>
 <data>
  <variable>CodeStyleData</variable>
  <valuemap type="QVariantMap">
   <value type="bool" key="AlignAssignments">false</value>
   <value type="bool" key="AutoSpacesForTabs">false</value>
   <value type="bool" key="BindStarToIdentifier">true</value>
   <value type="bool" key="BindStarToLeftSpecifier">false</value>
   <value type="bool" key="BindStarToRightSpecifier">false</value>
   <value type="bool" key="BindStarToTypeName">false</value>
   <value type="bool" key="ExtraPaddingForConditionsIfConfusingAlign">true</value>
   <value type="bool" key="IndentAccessSpecifiers">false</value>
   <value type="bool" key="IndentBlockBody">true</value>
   <value type="bool" key="IndentBlockBraces">false</value>
   <value type="bool" key="IndentBlocksRelativeToSwitchLabels">false</value>
   <value type="bool" key="IndentClassBraces">false</value>
   <value type="bool" key="IndentControlFlowRelativeToSwitchLabels">true</value>
   <value type="bool" key="IndentDeclarationsRelativeToAccessSpecifiers">true</value>
   <value type="bool" key="IndentEnumBraces">false</value>
   <value type="bool" key="IndentFunctionBody">true</value>
   <value type="bool" key="IndentFunctionBraces">false</value>
   <value type="bool" key="IndentNamespaceBody">false</value>
   <value type="bool" key="IndentNamespaceBraces">false</value>
   <value type="int" key="IndentSize">4</value>
   <value type="bool" key="IndentStatementsRelativeToSwitchLabels">true</value>
   <value type="bool" key="IndentSwitchLabels">false</value>
   <value type="int" key="PaddingMode">2</value>
   <value type="bool" key="SpacesForTabs">false</value>
   <value type="int" key="TabSize">4</value>
  </valuemap>
 </data>
 <data>
  <variable>DisplayName</variable>
  <value type="QString">Synergy</value>
 </data>
</qtcreator>
<?xml version="1.0" encoding="UTF-8"?>
<!DOCTYPE QtCreatorCodeStyle>
<!-- Written by QtCreator 3.0.1, 2014-02-14T09:50:24. -->
<qtcreator>
 <data>
  <variable>CodeStyleData</variable>
  <valuemap type="QVariantMap">
   <value type="bool" key="AlignAssignments">false</value>
   <value type="bool" key="AutoSpacesForTabs">false</value>
   <value type="bool" key="BindStarToIdentifier">true</value>
   <value type="bool" key="BindStarToLeftSpecifier">false</value>
   <value type="bool" key="BindStarToRightSpecifier">false</value>
   <value type="bool" key="BindStarToTypeName">false</value>
   <value type="bool" key="ExtraPaddingForConditionsIfConfusingAlign">true</value>
   <value type="bool" key="IndentAccessSpecifiers">false</value>
   <value type="bool" key="IndentBlockBody">true</value>
   <value type="bool" key="IndentBlockBraces">false</value>
   <value type="bool" key="IndentBlocksRelativeToSwitchLabels">false</value>
   <value type="bool" key="IndentClassBraces">false</value>
   <value type="bool" key="IndentControlFlowRelativeToSwitchLabels">true</value>
   <value type="bool" key="IndentDeclarationsRelativeToAccessSpecifiers">true</value>
   <value type="bool" key="IndentEnumBraces">false</value>
   <value type="bool" key="IndentFunctionBody">true</value>
   <value type="bool" key="IndentFunctionBraces">false</value>
   <value type="bool" key="IndentNamespaceBody">false</value>
   <value type="bool" key="IndentNamespaceBraces">false</value>
   <value type="int" key="IndentSize">4</value>
   <value type="bool" key="IndentStatementsRelativeToSwitchLabels">true</value>
   <value type="bool" key="IndentSwitchLabels">false</value>
   <value type="int" key="PaddingMode">2</value>
   <value type="bool" key="SpacesForTabs">false</value>
   <value type="int" key="TabSize">4</value>
  </valuemap>
 </data>
 <data>
  <variable>DisplayName</variable>
  <value type="QString">Synergy</value>
 </data>
</qtcreator>
<?xml version="1.0" encoding="UTF-8"?>
<!DOCTYPE QtCreatorCodeStyle>
<!-- Written by QtCreator 3.0.1, 2014-02-14T09:50:24. -->
<qtcreator>
 <data>
  <variable>CodeStyleData</variable>
  <valuemap type="QVariantMap">
   <value type="bool" key="AlignAssignments">false</value>
   <value type="bool" key="AutoSpacesForTabs">false</value>
   <value type="bool" key="BindStarToIdentifier">true</value>
   <value type="bool" key="BindStarToLeftSpecifier">false</value>
   <value type="bool" key="BindStarToRightSpecifier">false</value>
   <value type="bool" key="BindStarToTypeName">false</value>
   <value type="bool" key="ExtraPaddingForConditionsIfConfusingAlign">true</value>
   <value type="bool" key="IndentAccessSpecifiers">false</value>
   <value type="bool" key="IndentBlockBody">true</value>
   <value type="bool" key="IndentBlockBraces">false</value>
   <value type="bool" key="IndentBlocksRelativeToSwitchLabels">false</value>
   <value type="bool" key="IndentClassBraces">false</value>
   <value type="bool" key="IndentControlFlowRelativeToSwitchLabels">true</value>
   <value type="bool" key="IndentDeclarationsRelativeToAccessSpecifiers">true</value>
   <value type="bool" key="IndentEnumBraces">false</value>
   <value type="bool" key="IndentFunctionBody">true</value>
   <value type="bool" key="IndentFunctionBraces">false</value>
   <value type="bool" key="IndentNamespaceBody">false</value>
   <value type="bool" key="IndentNamespaceBraces">false</value>
   <value type="int" key="IndentSize">4</value>
   <value type="bool" key="IndentStatementsRelativeToSwitchLabels">true</value>
   <value type="bool" key="IndentSwitchLabels">false</value>
   <value type="int" key="PaddingMode">2</value>
   <value type="bool" key="SpacesForTabs">false</value>
   <value type="int" key="TabSize">4</value>
  </valuemap>
 </data>
 <data>
  <variable>DisplayName</variable>
  <value type="QString">Synergy</value>
 </data>
</qtcreator>
<?xml version="1.0" encoding="UTF-8"?>
<!DOCTYPE QtCreatorCodeStyle>
<!-- Written by QtCreator 3.0.1, 2014-02-14T09:50:24. -->
<qtcreator>
 <data>
  <variable>CodeStyleData</variable>
  <valuemap type="QVariantMap">
   <value type="bool" key="AlignAssignments">false</value>
   <value type="bool" key="AutoSpacesForTabs">false</value>
   <value type="bool" key="BindStarToIdentifier">true</value>
   <value type="bool" key="BindStarToLeftSpecifier">false</value>
   <value type="bool" key="BindStarToRightSpecifier">false</value>
   <value type="bool" key="BindStarToTypeName">false</value>
   <value type="bool" key="ExtraPaddingForConditionsIfConfusingAlign">true</value>
   <value type="bool" key="IndentAccessSpecifiers">false</value>
   <value type="bool" key="IndentBlockBody">true</value>
   <value type="bool" key="IndentBlockBraces">false</value>
   <value type="bool" key="IndentBlocksRelativeToSwitchLabels">false</value>
   <value type="bool" key="IndentClassBraces">false</value>
   <value type="bool" key="IndentControlFlowRelativeToSwitchLabels">true</value>
   <value type="bool" key="IndentDeclarationsRelativeToAccessSpecifiers">true</value>
   <value type="bool" key="IndentEnumBraces">false</value>
   <value type="bool" key="IndentFunctionBody">true</value>
   <value type="bool" key="IndentFunctionBraces">false</value>
   <value type="bool" key="IndentNamespaceBody">false</value>
   <value type="bool" key="IndentNamespaceBraces">false</value>
   <value type="int" key="IndentSize">4</value>
   <value type="bool" key="IndentStatementsRelativeToSwitchLabels">true</value>
   <value type="bool" key="IndentSwitchLabels">false</value>
   <value type="int" key="PaddingMode">2</value>
   <value type="bool" key="SpacesForTabs">false</value>
   <value type="int" key="TabSize">4</value>
  </valuemap>
 </data>
 <data>
  <variable>DisplayName</variable>
  <value type="QString">Synergy</value>
 </data>
</qtcreator>
<?xml version="1.0" encoding="UTF-8"?>
<!DOCTYPE QtCreatorCodeStyle>
<!-- Written by QtCreator 3.0.1, 2014-02-14T09:50:24. -->
<qtcreator>
 <data>
  <variable>CodeStyleData</variable>
  <valuemap type="QVariantMap">
   <value type="bool" key="AlignAssignments">false</value>
   <value type="bool" key="AutoSpacesForTabs">false</value>
   <value type="bool" key="BindStarToIdentifier">true</value>
   <value type="bool" key="BindStarToLeftSpecifier">false</value>
   <value type="bool" key="BindStarToRightSpecifier">false</value>
   <value type="bool" key="BindStarToTypeName">false</value>
   <value type="bool" key="ExtraPaddingForConditionsIfConfusingAlign">true</value>
   <value type="bool" key="IndentAccessSpecifiers">false</value>
   <value type="bool" key="IndentBlockBody">true</value>
   <value type="bool" key="IndentBlockBraces">false</value>
   <value type="bool" key="IndentBlocksRelativeToSwitchLabels">false</value>
   <value type="bool" key="IndentClassBraces">false</value>
   <value type="bool" key="IndentControlFlowRelativeToSwitchLabels">true</value>
   <value type="bool" key="IndentDeclarationsRelativeToAccessSpecifiers">true</value>
   <value type="bool" key="IndentEnumBraces">false</value>
   <value type="bool" key="IndentFunctionBody">true</value>
   <value type="bool" key="IndentFunctionBraces">false</value>
   <value type="bool" key="IndentNamespaceBody">false</value>
   <value type="bool" key="IndentNamespaceBraces">false</value>
   <value type="int" key="IndentSize">4</value>
   <value type="bool" key="IndentStatementsRelativeToSwitchLabels">true</value>
   <value type="bool" key="IndentSwitchLabels">false</value>
   <value type="int" key="PaddingMode">2</value>
   <value type="bool" key="SpacesForTabs">false</value>
   <value type="int" key="TabSize">4</value>
  </valuemap>
 </data>
 <data>
  <variable>DisplayName</variable>
  <value type="QString">Synergy</value>
 </data>
</qtcreator>
